user,quarter,opened,opened_qoq,merged,merged_qoq,reviewed,reviewed_qoq,commented,commented_qoq
eric-lingren,Q1,30,n/a,31,n/a,44,n/a,44,n/a
eric-lingren,Q2,42,+40.0%,36,+16.1%,65,+47.7%,65,+47.7%
eric-lingren,Q3,58,+38.1%,42,+16.7%,94,+44.6%,95,+46.2%
naomiflagg,Q1,15,n/a,11,n/a,2,n/a,2,n/a
naomiflagg,Q2,49,+226.7%,49,+345.5%,38,+1800.0%,39,+1850.0%
naomiflagg,Q3,115,+134.7%,98,+100.0%,107,+181.6%,107,+174.4%
katherineberton,Q1,88,n/a,83,n/a,54,n/a,53,n/a
katherineberton,Q2,71,-19.3%,63,-24.1%,57,+5.6%,58,+9.4%
katherineberton,Q3,111,+56.3%,101,+60.3%,157,+175.4%,157,+170.7%
rileybutterfield,Q1,86,n/a,77,n/a,91,n/a,91,n/a
rileybutterfield,Q2,74,-14.0%,71,-7.8%,75,-17.6%,75,-17.6%
rileybutterfield,Q3,99,+33.8%,94,+32.4%,245,+226.7%,246,+228.0%
jmunowitch,Q1,89,n/a,77,n/a,205,n/a,209,n/a
jmunowitch,Q2,64,-28.1%,55,-28.6%,168,-18.0%,183,-12.4%
jmunowitch,Q3,575,+798.4%,511,+829.1%,367,+118.5%,376,+105.5%
