user,quarter,merged,median_lines_changed,median_files_changed,median_commits,median_hrs_to_first_review,median_hrs_to_merge,median_review_threads,median_reviews,pct_changes_requested
eric-lingren,Q1,31,253,4,9,3.0,24.6,2,2,16%
eric-lingren,Q2,36,259.0,5.5,10.0,5.9,22.7,2.0,2.0,14%
eric-lingren,Q3,42,271.0,9.0,6.0,14.6,41.7,1.0,3.0,12%
naomiflagg,Q1,11,73,4,2,2.3,21.6,1,2,0%
naomiflagg,Q2,49,130,5,3,0.1,21.4,1,2,6%
naomiflagg,Q3,98,275.5,8.0,3.0,0.2,44.0,1.0,2.0,4%
katherineberton,Q1,83,159,3,8,0.5,22.8,2,3,16%
katherineberton,Q2,63,240,5,7,0.2,29.9,2,4,13%
katherineberton,Q3,101,196,5,5,0.1,22.7,1,4,7%
rileybutterfield,Q1,77,236,6,7,0.3,21.7,3,4,25%
rileybutterfield,Q2,71,258,6,6,0.3,23.4,2,3,6%
rileybutterfield,Q3,94,309.5,6.0,5.0,0.6,23.2,1.0,2.0,1%
jmunowitch,Q1,77,110,5,1,0.7,3.7,0,2,3%
jmunowitch,Q2,55,208,16,1,0.7,2.1,0,1,0%
jmunowitch,Q3,511,90,4,2,0.9,13.5,0,1,3%
